{
  "name": "city",
  "base": "PersistedModel",
  "idInjection": true,
  "options": {
    "validateUpsert": true
  },
  "properties": {
    "id_country": {
      "type": "number",
      "required": true
    },
    "id_state": {
      "type": "number",
      "required": true
    },
    "name": {
      "type": "string",
      "required": true
    },
    "description": {
      "type": "string"
    },
    "isactive": {
      "type": "boolean",
      "required": true,
      "default": true
    }
  },
  "validations": [],
  "relations": {
    "state": {
      "type": "belongsTo",
      "model": "state",
      "foreignKey": "id_state"
    }
  },
  "acls": [],
  "methods": {}
}
