{
  "name": "city",
  "base": "PersistedModel",
  "idInjection": true,
  "options": {
    "validateUpsert": true
  },
  "properties": {
    "id_country": {
      "type": "number",
      "required": true
    },
    "id_state": {
      "type": "number",
      "required": true
    },
    "name": {
      "type": "string",
      "required": true
    },
    "description": {
      "type": "string"
    },
    "amount": {
      "type": "Number",
      "dataType": "float",
      "precision": 18,
      "scale": 2
    },
    "isactive": {
      "type": "boolean",
      "required": true,
      "default": true
    }
  },
  "validations": [],
  "relations": {
    "state": {
      "type": "belongsTo",
      "model": "state",
      "foreignKey": "id_state"
    }
  },
  "acls": [
    {
      "accessType": "*",
      "principalType": "ROLE",
      "principalId": "$everyone",
      "permission": "DENY"
    },
    {
      "accessType": "READ",
      "principalType": "ROLE",
      "principalId": "$everyone",
      "permission": "DENY",
      "property": "listCities"
    },
    {
      "accessType": "READ",
      "principalType": "ROLE",
      "principalId": "admin",
      "permission": "ALLOW",
      "property": "find"
    }
  ],
  "methods": {}
}
