{
  "name": "country",
  "base": "PersistedModel",
  "idInjection": true,
  "options": {
    "validateUpsert": false
  },
  "properties": {
    "name": {
      "type": "string",
      "required": true
    },
    "description": {
      "type": "string"
    },
    "isactive": {
      "type": "boolean",
      "required": true,
      "default": true
    },
    "created": {
      "type": "date",
      "required": false
    },
    "modified": {
      "type": "date",
      "required": false
    }
  },
  "validations": [],
  "relations": {
    "state": {
      "type": "hasMany",
      "model": "state",
      "foreignKey": "id_country"
    },
    "city": {
      "type": "hasMany",
      "model": "city",
      "foreignKey": "id_country"
    }
  },
  "acls": [
    {
      "accessType": "*",
      "principalType": "ROLE",
      "principalId": "$everyone",
      "permission": "DENY"
    }
  ],
  "methods": {}
}
