{
  "name": "paymenttrans",
  "base": "PersistedModel",
  "idInjection": true,
  "options": {
    "validateUpsert": true
  },
  "properties": {
    "transactionId": {
      "type": "string",
      "required": true
    },
    "processingFee": {
      "type": "number",
      "dataType": "float",
      "precision": 18,
      "scale": 6
    }
  },
  "validations": [],
  "relations": {},
  "acls": [
    {
      "accessType": "*",
      "principalType": "ROLE",
      "principalId": "$everyone",
      "permission": "DENY"
    },
    {
      "accessType": "READ",
      "principalType": "ROLE",
      "principalId": "$everyone",
      "permission": "DENY",
      "property": "listCities"
    },
    {
      "accessType": "READ",
      "principalType": "ROLE",
      "principalId": "admin",
      "permission": "ALLOW",
      "property": "find"
    }
  ],
  "methods": {}
}
